character,degree_full,weighted_degree_full,betweenness_full,closeness_full,pagerank_full,eigenvector_full,degree_no_central,weighted_degree_no_central,betweenness_no_central,closeness_no_central,pagerank_no_central,eigenvector_no_central,degree_rank_full,degree_rank_no_central,degree_rank_change,betweenness_rank_full,betweenness_rank_no_central,betweenness_rank_change,pagerank_rank_full,pagerank_rank_no_central,pagerank_rank_change,eigenvector_rank_full,eigenvector_rank_no_central,eigenvector_rank_change
"""Blow the Horn"" Kid",0.04854368932038834,0.08771929824561403,0.012425892687171957,0.21560241221504642,0.00949997600406262,0.02094516041436348,0.049019607843137254,0.1111111111111111,0.037557432213809604,0.19508231099926604,0.011593848365089771,0.03323005618315553,15.0,13.0,2.0,28.0,9.0,19.0,28.0,25.0,3.0,34.0,22.0,12.0
"""Where the Redfern Grows"" 5th grader",0.04854368932038834,0.10526315789473684,0.005040543725580849,0.2375812988971628,0.009456882444916546,0.07202538840154138,0.049019607843137254,0.13333333333333333,0.009371273261779962,0.20610391049074997,0.01111344865298778,0.09358057074074061,15.0,13.0,2.0,33.0,24.0,9.0,29.0,27.0,2.0,14.0,11.0,3.0
Aaron Aaronson,0.009708737864077669,0.017543859649122806,0.0,0.009708737864077669,0.012738853503182788,4.790363810056979e-19,0.00980392156862745,0.022222222222222223,0.0,0.00980392156862745,0.013812154696132594,4.710890350053316e-17,53.0,51.0,2.0,44.0,40.0,4.0,19.0,18.0,1.0,73.0,66.0,7.0
Abraham Lincoln,0.009708737864077669,0.017543859649122806,0.0,0.18823749066467513,0.0033591727496293943,0.005436118569113535,0.00980392156862745,0.022222222222222223,0.0,0.16506964776860972,0.003895216264988087,0.003591684911356969,53.0,51.0,2.0,44.0,40.0,4.0,71.0,65.0,6.0,56.0,46.0,10.0
Adam,0.0,0.0,0.0,0.0,0.0019108280254824593,7.309515091029326e-24,0.0,0.0,0.0,0.0,0.0020718232044198894,1.4376496429606066e-21,75.0,68.0,7.0,44.0,40.0,4.0,75.0,68.0,7.0,75.0,68.0,7.0
Adlai Stevenson,0.0,0.0,0.0,0.0,0.0019108280254824593,7.309515091029326e-24,0.0,0.0,0.0,0.0,0.0020718232044198894,1.4376496429606066e-21,75.0,68.0,7.0,44.0,40.0,4.0,75.0,68.0,7.0,75.0,68.0,7.0
Adrian Belew,0.10679611650485436,0.49122807017543857,0.04773338137844133,0.26032844453625287,0.041934115732657054,0.3760699214937091,0.09803921568627451,0.5111111111111111,0.04259875567388672,0.22109328579916815,0.041915304039728055,0.3582483975854151,7.0,6.0,1.0,6.0,8.0,-2.0,5.0,5.0,0.0,3.0,4.0,-1.0
African-American Teacher,0.029126213592233007,0.05263157894736842,0.005921106306600311,0.2297734627831715,0.005765512784489548,0.0403253486081457,0.029411764705882353,0.06666666666666667,0.00995992456388496,0.2108693188257962,0.00701644752038407,0.04316125000023581,29.0,26.0,3.0,32.0,23.0,9.0,51.0,47.0,4.0,23.0,18.0,5.0
Airshot,0.019417475728155338,0.03508771929824561,0.00047954456863651606,0.2137194217153517,0.0048059979989676935,0.01398565059611182,0.0196078431372549,0.044444444444444446,0.0004890405006887244,0.19200206398348812,0.005718438296841198,0.009093345901408999,45.0,37.0,8.0,42.0,35.0,7.0,59.0,54.0,5.0,51.0,37.0,14.0
Akira Kurosawa,0.029126213592233007,0.07017543859649122,0.0,0.22246248896734336,0.007491336267194472,0.05439460333206025,0.0196078431372549,0.044444444444444446,0.0,0.18331855355207408,0.0053358582844218174,0.027384764120497927,29.0,37.0,-8.0,44.0,40.0,4.0,38.0,57.0,-19.0,17.0,27.0,-10.0
Al Gore,0.0,0.0,0.0,0.0,0.0019108280254824593,7.309515091029326e-24,0.0,0.0,0.0,0.0,0.0020718232044198894,1.4376496429606066e-21,75.0,68.0,7.0,44.0,40.0,4.0,75.0,68.0,7.0,75.0,68.0,7.0
Al Sneed,0.009708737864077669,0.017543859649122806,0.0,0.16368477449102187,0.0038928892909966513,0.0015474677130966794,0.00980392156862745,0.022222222222222223,0.0,0.14650759902354515,0.004342914840304817,0.0020764413635583527,53.0,51.0,2.0,44.0,40.0,4.0,63.0,63.0,0.0,61.0,47.0,14.0
Alcatraaz,0.0,0.0,0.0,0.0,0.0019108280254824593,7.309515091029326e-24,0.0,0.0,0.0,0.0,0.0020718232044198894,1.4376496429606066e-21,75.0,68.0,7.0,44.0,40.0,4.0,75.0,68.0,7.0,75.0,68.0,7.0
Alec Baldwin,0.0,0.0,0.0,0.0,0.0019108280254824593,7.309515091029326e-24,0.0,0.0,0.0,0.0,0.0020718232044198894,1.4376496429606066e-21,75.0,68.0,7.0,44.0,40.0,4.0,75.0,68.0,7.0,75.0,68.0,7.0
Alf,0.0,0.0,0.0,0.0,0.0019108280254824593,7.309515091029326e-24,0.0,0.0,0.0,0.0,0.0020718232044198894,1.4376496429606066e-21,75.0,68.0,7.0,44.0,40.0,4.0,75.0,68.0,7.0,75.0,68.0,7.0
Alfred Hitchcock,0.009708737864077669,0.017543859649122806,0.0,0.21751887810140236,0.003396645062587185,0.015092433086539783,0.0,0.0,0.0,0.0,0.0020718232044198894,1.4376496429606066e-21,53.0,68.0,-15.0,44.0,40.0,4.0,65.0,68.0,-3.0,44.0,68.0,-24.0
Alphonse,0.009708737864077669,0.017543859649122806,0.0,0.21751887810140236,0.003396645062587185,0.015092433086539783,0.0,0.0,0.0,0.0,0.0020718232044198894,1.4376496429606066e-21,53.0,68.0,-15.0,44.0,40.0,4.0,65.0,68.0,-3.0,44.0,68.0,-24.0
Amber Duffman,0.009708737864077669,0.03508771929824561,0.0,0.1553706272152874,0.0048044785241590565,0.01709906405399657,0.00980392156862745,0.044444444444444446,0.0,0.13362781009839833,0.0057182672681261116,0.011003321980104059,53.0,51.0,2.0,44.0,40.0,4.0,60.0,55.0,5.0,40.0,34.0,6.0
Amphibian Man,0.009708737864077669,0.017543859649122806,0.0,0.21751887810140236,0.003396645062587185,0.015092433086539783,0.0,0.0,0.0,0.0,0.0020718232044198894,1.4376496429606066e-21,53.0,68.0,-15.0,44.0,40.0,4.0,65.0,68.0,-3.0,44.0,68.0,-24.0
Andy Griffith,0.0,0.0,0.0,0.0,0.0019108280254824593,7.309515091029326e-24,0.0,0.0,0.0,0.0,0.0020718232044198894,1.4376496429606066e-21,75.0,68.0,7.0,44.0,40.0,4.0,75.0,68.0,7.0,75.0,68.0,7.0
Angelica D'Amico,0.0,0.0,0.0,0.0,0.0019108280254824593,7.309515091029326e-24,0.0,0.0,0.0,0.0,0.0020718232044198894,1.4376496429606066e-21,75.0,68.0,7.0,44.0,40.0,4.0,75.0,68.0,7.0,75.0,68.0,7.0
Angelo,0.0,0.0,0.0,0.0,0.0019108280254824593,7.309515091029326e-24,0.0,0.0,0.0,0.0,0.0020718232044198894,1.4376496429606066e-21,75.0,68.0,7.0,44.0,40.0,4.0,75.0,68.0,7.0,75.0,68.0,7.0
Anger Watkins,0.04854368932038834,0.08771929824561403,0.012274079485672855,0.2703963954299201,0.00955036624418851,0.03387327577865196,0.0392156862745098,0.08888888888888889,0.0025834096014643476,0.19613114062829431,0.01012781526892396,0.011387204850905573,15.0,19.0,-4.0,29.0,31.0,-2.0,27.0,32.0,-5.0,28.0,33.0,-5.0
Angry Mob,0.04854368932038834,0.08771929824561403,0.025066841486030517,0.2703963954299201,0.008718216866962305,0.03847741406085783,0.0392156862745098,0.08888888888888889,0.008494266793626139,0.1982630008525149,0.008458469424395008,0.02946249109864059,15.0,19.0,-4.0,14.0,25.0,-11.0,34.0,40.0,-6.0,24.0,24.0,0.0
Angstrom Charles,0.0,0.0,0.0,0.0,0.0019108280254824593,7.309515091029326e-24,0.0,0.0,0.0,0.0,0.0020718232044198894,1.4376496429606066e-21,75.0,68.0,7.0,44.0,40.0,4.0,75.0,68.0,7.0,75.0,68.0,7.0
Anita,0.029126213592233007,0.07017543859649122,0.0,0.2030777907585707,0.006879339293941986,0.02616744200190406,0.029411764705882353,0.08888888888888889,0.0,0.16432609079667904,0.008015236561191061,0.041113874558449844,29.0,26.0,3.0,44.0,40.0,4.0,42.0,42.0,0.0,32.0,20.0,12.0
Annette,0.04854368932038834,0.10526315789473684,0.01684278055637279,0.27495363804952544,0.01063607864624601,0.056225732035859996,0.0392156862745098,0.1111111111111111,0.00014236717789426002,0.20380107350202648,0.011003778213271507,0.03957839905826284,15.0,19.0,-4.0,19.0,39.0,-20.0,24.0,29.0,-5.0,16.0,21.0,-5.0
Annie Dubinsky,0.019417475728155338,0.03508771929824561,0.0,0.17416992018795566,0.007000709268513577,0.0006806192988216534,0.0196078431372549,0.044444444444444446,0.0,0.12079600051941307,0.009628312960498962,7.575417066720969e-05,45.0,37.0,8.0,44.0,40.0,4.0,41.0,36.0,5.0,66.0,59.0,7.0
Apu Nahasapeemapetilon Sr.,0.009708737864077669,0.017543859649122806,0.0,0.21751887810140236,0.003396645062587185,0.015092433086539783,0.0,0.0,0.0,0.0,0.0020718232044198894,1.4376496429606066e-21,53.0,68.0,-15.0,44.0,40.0,4.0,65.0,68.0,-3.0,44.0,68.0,-24.0
Apu's Dog,0.0,0.0,0.0,0.0,0.0019108280254824593,7.309515091029326e-24,0.0,0.0,0.0,0.0,0.0020718232044198894,1.4376496429606066e-21,75.0,68.0,7.0,44.0,40.0,4.0,75.0,68.0,7.0,75.0,68.0,7.0
Archie,0.009708737864077669,0.017543859649122806,0.0,0.009708737864077669,0.012738853503182788,4.790363810056979e-19,0.00980392156862745,0.022222222222222223,0.0,0.00980392156862745,0.013812154696132594,4.710890350053316e-17,53.0,51.0,2.0,44.0,40.0,4.0,19.0,18.0,1.0,73.0,66.0,7.0
Architect,0.019417475728155338,0.03508771929824561,0.01749204536183405,0.2286997550131567,0.005300651216055081,0.017273595014029634,0.00980392156862745,0.022222222222222223,0.0,0.13028711484593838,0.005809372864308617,0.0002171411368589991,45.0,51.0,-6.0,18.0,40.0,-22.0,57.0,53.0,4.0,39.0,58.0,-19.0
Art teacher,0.04854368932038834,0.12280701754385964,0.0002728599530427058,0.20392394822006474,0.010477730930454393,0.09155203349690844,0.049019607843137254,0.15555555555555556,0.0002798809292693976,0.18240196078431373,0.012400819147267959,0.1197808956778971,15.0,13.0,2.0,43.0,37.0,6.0,25.0,21.0,4.0,12.0,8.0,4.0
Ashley,0.06796116504854369,0.14035087719298245,0.018183064635092047,0.24228587907334423,0.014102442411256574,0.0661224024577038,0.06862745098039216,0.17777777777777778,0.03449607565798597,0.2108693188257962,0.017456871203328308,0.08195810068680547,9.0,8.0,1.0,16.0,10.0,6.0,14.0,13.0,1.0,15.0,12.0,3.0
Auction Announcer,0.019417475728155338,0.03508771929824561,0.0,0.16152391938222949,0.0066347436732824535,0.002273936199394561,0.0196078431372549,0.044444444444444446,0.0,0.1307540937521962,0.01010349370830316,0.00022773533884799322,45.0,37.0,8.0,44.0,40.0,4.0,44.0,33.0,11.0,58.0,56.0,2.0
Auctioneer,0.019417475728155338,0.03508771929824561,0.0,0.16152391938222949,0.0066347436732824535,0.002273936199394561,0.0196078431372549,0.044444444444444446,0.0,0.1307540937521962,0.01010349370830316,0.00022773533884799322,45.0,37.0,8.0,44.0,40.0,4.0,44.0,33.0,11.0,58.0,56.0,2.0
Audrey McConnell's Student 1,0.11650485436893203,0.543859649122807,0.022087605268644676,0.24349128145679372,0.039154511382825774,0.2654724120286504,0.11764705882352941,0.6888888888888889,0.029550665150548668,0.20610391049074997,0.04689432825065698,0.38040294555345255,5.0,4.0,1.0,15.0,12.0,3.0,6.0,4.0,2.0,5.0,3.0,2.0
Audrey McConnell's Student 2,0.04854368932038834,0.3157894736842105,0.0027841851656814527,0.2091527674051946,0.02227270986694481,0.19742884598431695,0.049019607843137254,0.4,0.004109234452857051,0.1880432585405296,0.02678552002870129,0.29792116977198924,15.0,13.0,2.0,38.0,29.0,9.0,9.0,7.0,2.0,7.0,5.0,2.0
Audrey McConnell's Student 4,0.06796116504854369,0.17543859649122806,0.009097862445949257,0.23305594082293113,0.013955000829953637,0.08878319629290547,0.06862745098039216,0.2222222222222222,0.017742740660620687,0.2158603086204896,0.016602971385473553,0.13066453732424776,9.0,8.0,1.0,30.0,15.0,15.0,15.0,15.0,0.0,13.0,7.0,6.0
Audrey McConnell's Student 8,0.058252427184466014,0.17543859649122806,0.01329399073545276,0.2375812988971628,0.015063030067791664,0.10177663820381595,0.058823529411764705,0.2222222222222222,0.054358377014172,0.20494602335316148,0.018367875083376787,0.141965060703401,13.0,10.0,3.0,26.0,5.0,21.0,12.0,11.0,1.0,10.0,6.0,4.0
Audrey McConnell's Students,0.029126213592233007,0.07017543859649122,0.0015818625184701714,0.19498704212277107,0.007432368720367737,0.040936157102060326,0.0196078431372549,0.044444444444444446,0.00048534265191225003,0.1579237755708344,0.0051914726188526245,0.017671416890963913,29.0,37.0,-8.0,40.0,36.0,4.0,39.0,58.0,-19.0,22.0,29.0,-7.0
Augustus Redfield,0.0,0.0,0.0,0.0,0.0019108280254824593,7.309515091029326e-24,0.0,0.0,0.0,0.0,0.0020718232044198894,1.4376496429606066e-21,75.0,68.0,7.0,44.0,40.0,4.0,75.0,68.0,7.0,75.0,68.0,7.0
BB-8,0.019417475728155338,0.05263157894736842,0.0,0.19655320310367685,0.006371865450022774,0.018542367312933423,0.0196078431372549,0.06666666666666667,0.0,0.14950980392156862,0.007688076350716628,0.011653205188066463,45.0,37.0,8.0,44.0,40.0,4.0,47.0,44.0,3.0,37.0,32.0,5.0
Baba Branka,0.0,0.0,0.0,0.0,0.0019108280254824593,7.309515091029326e-24,0.0,0.0,0.0,0.0,0.0020718232044198894,1.4376496429606066e-21,75.0,68.0,7.0,44.0,40.0,4.0,75.0,68.0,7.0,75.0,68.0,7.0
Baby Bear,0.0,0.0,0.0,0.0,0.0019108280254824593,7.309515091029326e-24,0.0,0.0,0.0,0.0,0.0020718232044198894,1.4376496429606066e-21,75.0,68.0,7.0,44.0,40.0,4.0,75.0,68.0,7.0,75.0,68.0,7.0
Baby Jesus,0.009708737864077669,0.017543859649122806,0.0,0.17732517236527368,0.003329005777305356,0.007295605532731949,0.00980392156862745,0.022222222222222223,0.0,0.16141766441089708,0.004061614009620545,0.004636401588268941,53.0,51.0,2.0,44.0,40.0,4.0,73.0,64.0,9.0,55.0,43.0,12.0
Babysitter,0.038834951456310676,0.07017543859649122,0.013928435451850643,0.21279020683832842,0.009729956867103772,0.037387327483290336,0.0392156862745098,0.08888888888888889,0.01226368435162844,0.19200206398348812,0.011078772265838024,0.04420899647514693,24.0,19.0,5.0,21.0,17.0,4.0,26.0,28.0,-2.0,26.0,16.0,10.0
Bait Shop Owner,0.04854368932038834,0.08771929824561403,0.015602051353050782,0.2137194217153517,0.011659705550421508,0.03793193402480472,0.049019607843137254,0.1111111111111111,0.014362444647826123,0.1930179479199087,0.013359442966001181,0.044636240265338856,15.0,13.0,2.0,20.0,16.0,4.0,22.0,20.0,2.0,25.0,15.0,10.0
Bambi,0.009708737864077669,0.017543859649122806,0.0,0.21751887810140236,0.003396645062587185,0.015092433086539783,0.0,0.0,0.0,0.0,0.0020718232044198894,1.4376496429606066e-21,53.0,68.0,-15.0,44.0,40.0,4.0,65.0,68.0,-3.0,44.0,68.0,-24.0
Banksy,0.0,0.0,0.0,0.0,0.0019108280254824593,7.309515091029326e-24,0.0,0.0,0.0,0.0,0.0020718232044198894,1.4376496429606066e-21,75.0,68.0,7.0,44.0,40.0,4.0,75.0,68.0,7.0,75.0,68.0,7.0
Barbara Belfry,0.029126213592233007,0.05263157894736842,0.013805263205605866,0.21560241221504642,0.008470018353535039,0.014008969436799796,0.029411764705882353,0.06666666666666667,0.012137264146582725,0.19404463913224865,0.009852184898891852,0.009113069589455229,29.0,26.0,3.0,22.0,18.0,4.0,36.0,35.0,1.0,50.0,36.0,14.0
Barbara Lelavinsky,0.029126213592233007,0.05263157894736842,0.0,0.24228587907334423,0.006047059052639657,0.03127883818129018,0.029411764705882353,0.06666666666666667,0.0,0.20154912793846821,0.007190363600682304,0.032714348013130556,29.0,26.0,3.0,44.0,40.0,4.0,49.0,46.0,3.0,30.0,23.0,7.0
Barry Mackleberry,0.11650485436893203,0.3508771929824561,0.035328678396925106,0.25758814512008177,0.03407930714926981,0.13324744268936864,0.10784313725490197,0.37777777777777777,0.04433998021650903,0.22658628668858846,0.03646822072103327,0.07720805727787408,5.0,5.0,0.0,9.0,6.0,3.0,7.0,6.0,1.0,9.0,13.0,-4.0
Bartman,0.0,0.0,0.0,0.0,0.0019108280254824593,7.309515091029326e-24,0.0,0.0,0.0,0.0,0.0020718232044198894,1.4376496429606066e-21,75.0,68.0,7.0,44.0,40.0,4.0,75.0,68.0,7.0,75.0,68.0,7.0
Bartron,0.0,0.0,0.0,0.0,0.0019108280254824593,7.309515091029326e-24,0.0,0.0,0.0,0.0,0.0020718232044198894,1.4376496429606066e-21,75.0,68.0,7.0,44.0,40.0,4.0,75.0,68.0,7.0,75.0,68.0,7.0
Baseball Announcer 1,0.0,0.0,0.0,0.0,0.0019108280254824593,7.309515091029326e-24,0.0,0.0,0.0,0.0,0.0020718232044198894,1.4376496429606066e-21,75.0,68.0,7.0,44.0,40.0,4.0,75.0,68.0,7.0,75.0,68.0,7.0
Bashir bin Laden,0.009708737864077669,0.017543859649122806,0.0,0.2022386263339485,0.0036868244630381608,0.001805167432925768,0.00980392156862745,0.022222222222222223,0.0,0.16213507625272333,0.004440120044849241,0.0013526062474554152,53.0,51.0,2.0,44.0,40.0,4.0,64.0,61.0,3.0,60.0,51.0,9.0
Baz,0.029126213592233007,0.05263157894736842,0.0036720753810987974,0.2549049352750809,0.006467020604370158,0.02502392373539877,0.0196078431372549,0.044444444444444446,0.0,0.17371615312791786,0.00604718672500877,0.006031404626121179,29.0,37.0,-8.0,36.0,40.0,-4.0,46.0,52.0,-6.0,33.0,39.0,-6.0
Bearded Lady,0.0,0.0,0.0,0.0,0.0019108280254824593,7.309515091029326e-24,0.0,0.0,0.0,0.0,0.0020718232044198894,1.4376496429606066e-21,75.0,68.0,7.0,44.0,40.0,4.0,75.0,68.0,7.0,75.0,68.0,7.0
Becky,0.029126213592233007,0.05263157894736842,0.002237270312655808,0.20738028632548955,0.006765928717708552,0.013871271469161938,0.029411764705882353,0.06666666666666667,0.0022815726950846356,0.17882545174932718,0.008005479008703693,0.009591370197964121,29.0,26.0,3.0,39.0,33.0,6.0,43.0,43.0,0.0,52.0,35.0,17.0
Becky Shorter,0.16504854368932037,0.631578947368421,0.060155586212125335,0.2780781112091792,0.04928388088274656,0.4335639960133295,0.1568627450980392,0.7333333333333333,0.0989065923399063,0.24986569970453934,0.05457840914520977,0.46990294882017636,4.0,3.0,1.0,4.0,1.0,3.0,4.0,3.0,1.0,2.0,2.0,0.0
Beezee,0.009708737864077669,0.017543859649122806,0.0,0.19895019338542902,0.0030934880156114177,0.020435465429913712,0.00980392156862745,0.022222222222222223,0.0,0.17708928231486767,0.0034965161478760502,0.02537149627614419,53.0,51.0,2.0,44.0,40.0,4.0,74.0,67.0,7.0,35.0,28.0,7.0
Before They Were Famous Host,0.0,0.0,0.0,0.0,0.0019108280254824593,7.309515091029326e-24,0.0,0.0,0.0,0.0,0.0020718232044198894,1.4376496429606066e-21,75.0,68.0,7.0,44.0,40.0,4.0,75.0,68.0,7.0,75.0,68.0,7.0
Belle,0.06796116504854369,0.12280701754385964,0.042250003365080446,0.2845450440279973,0.014626045905849693,0.04424760786674864,0.058823529411764705,0.13333333333333333,0.029223636649379218,0.22109328579916815,0.01671750967193112,0.029076626797402878,9.0,10.0,-1.0,7.0,13.0,-6.0,13.0,14.0,-1.0,20.0,25.0,-5.0
Bender Bending RodriÃÅguez,0.019417475728155338,0.03508771929824561,0.0,0.19576699029126213,0.005331429683255246,0.003444498788140111,0.0196078431372549,0.044444444444444446,0.0,0.15861040068201193,0.006538860952050932,0.004009913707329881,45.0,37.0,8.0,44.0,40.0,4.0,56.0,49.0,7.0,57.0,45.0,12.0
Benedict Arnold,0.009708737864077669,0.017543859649122806,0.0,0.16818469956294,0.005547243031862717,0.0006177890019151663,0.00980392156862745,0.022222222222222223,0.0,0.0130718954248366,0.010628372271175758,6.768914566944282e-16,53.0,51.0,2.0,44.0,40.0,4.0,52.0,30.0,22.0,68.0,64.0,4.0
Benevenstanciano,0.009708737864077669,0.017543859649122806,0.0,0.1631391585760518,0.003978331227645145,0.0015252480999179245,0.00980392156862745,0.022222222222222223,0.0,0.14592156862745098,0.004426049894127881,0.0020565646723934047,53.0,51.0,2.0,44.0,40.0,4.0,62.0,62.0,0.0,62.0,48.0,14.0
Benito Mussolini,0.009708737864077669,0.017543859649122806,0.0,0.16478702886469876,0.004310619034508409,0.0005715406894187417,0.00980392156862745,0.022222222222222223,0.0,0.14709835547122074,0.004863255770647261,0.00042395038293972895,53.0,51.0,2.0,44.0,40.0,4.0,61.0,60.0,1.0,70.0,53.0,17.0
Benjamin,0.058252427184466014,0.10526315789473684,0.026934183009282953,0.2734175842056734,0.0110640265552232,0.035376974535074435,0.049019607843137254,0.1111111111111111,0.01120170840613473,0.1982630008525149,0.011587221161762883,0.013969759547740383,13.0,13.0,0.0,11.0,22.0,-11.0,23.0,26.0,-3.0,27.0,31.0,-4.0
Bernard,0.029126213592233007,0.05263157894736842,0.026023564765712104,0.2659877585479105,0.005852243270894252,0.050870069060301226,0.0196078431372549,0.044444444444444446,0.000615460705734439,0.18707893413775767,0.005045551891952477,0.04203688638888684,29.0,37.0,-8.0,13.0,34.0,-21.0,50.0,59.0,-9.0,19.0,19.0,0.0
Bernie Sanders,0.0,0.0,0.0,0.0,0.0019108280254824593,7.309515091029326e-24,0.0,0.0,0.0,0.0,0.0020718232044198894,1.4376496429606066e-21,75.0,68.0,7.0,44.0,40.0,4.0,75.0,68.0,7.0,75.0,68.0,7.0
Betty Cooper,0.0,0.0,0.0,0.0,0.0019108280254824593,7.309515091029326e-24,0.0,0.0,0.0,0.0,0.0020718232044198894,1.4376496429606066e-21,75.0,68.0,7.0,44.0,40.0,4.0,75.0,68.0,7.0,75.0,68.0,7.0
Betty Ford,0.0,0.0,0.0,0.0,0.0019108280254824593,7.309515091029326e-24,0.0,0.0,0.0,0.0,0.0020718232044198894,1.4376496429606066e-21,75.0,68.0,7.0,44.0,40.0,4.0,75.0,68.0,7.0,75.0,68.0,7.0
Big Bird,0.0,0.0,0.0,0.0,0.0019108280254824593,7.309515091029326e-24,0.0,0.0,0.0,0.0,0.0020718232044198894,1.4376496429606066e-21,75.0,68.0,7.0,44.0,40.0,4.0,75.0,68.0,7.0,75.0,68.0,7.0
Bigfoot,0.0,0.0,0.0,0.0,0.0019108280254824593,7.309515091029326e-24,0.0,0.0,0.0,0.0,0.0020718232044198894,1.4376496429606066e-21,75.0,68.0,7.0,44.0,40.0,4.0,75.0,68.0,7.0,75.0,68.0,7.0
Bildorf,0.0,0.0,0.0,0.0,0.0019108280254824593,7.309515091029326e-24,0.0,0.0,0.0,0.0,0.0020718232044198894,1.4376496429606066e-21,75.0,68.0,7.0,44.0,40.0,4.0,75.0,68.0,7.0,75.0,68.0,7.0
Bill,0.009708737864077669,0.017543859649122806,0.0,0.21751887810140236,0.003396645062587185,0.015092433086539783,0.0,0.0,0.0,0.0,0.0020718232044198894,1.4376496429606066e-21,53.0,68.0,-15.0,44.0,40.0,4.0,65.0,68.0,-3.0,44.0,68.0,-24.0
Bill Cipher,0.029126213592233007,0.05263157894736842,0.01767062812179888,0.22553800724799788,0.008931276876630707,0.015181456548094404,0.0196078431372549,0.044444444444444446,0.0,0.12079600051941307,0.009628312960498962,7.575417066720969e-05,29.0,37.0,-8.0,17.0,40.0,-23.0,32.0,36.0,-4.0,42.0,59.0,-17.0
Bill Pye,0.0,0.0,0.0,0.0,0.0019108280254824593,7.309515091029326e-24,0.0,0.0,0.0,0.0,0.0020718232044198894,1.4376496429606066e-21,75.0,68.0,7.0,44.0,40.0,4.0,75.0,68.0,7.0,75.0,68.0,7.0
Billy,0.04854368932038834,0.12280701754385964,0.02849528160778875,0.2091527674051946,0.01567914448221419,0.05346317453819353,0.0392156862745098,0.08888888888888889,0.0341681226946224,0.16581996434937613,0.017587945053290477,0.004667691309266291,15.0,19.0,-4.0,10.0,11.0,-1.0,11.0,12.0,-1.0,18.0,42.0,-24.0
Billy Crystal,0.0,0.0,0.0,0.0,0.0019108280254824593,7.309515091029326e-24,0.0,0.0,0.0,0.0,0.0020718232044198894,1.4376496429606066e-21,75.0,68.0,7.0,44.0,40.0,4.0,75.0,68.0,7.0,75.0,68.0,7.0
Billy Eichner,0.009708737864077669,0.017543859649122806,0.0,0.1997622349910838,0.0033576532748207577,0.008549532026998286,0.00980392156862745,0.022222222222222223,0.0,0.1712694467458345,0.003895045236273001,0.005501660990052029,53.0,51.0,2.0,44.0,40.0,4.0,72.0,66.0,6.0,54.0,40.0,14.0
Birch Barlow,0.038834951456310676,0.07017543859649122,0.0041361680496460615,0.22145587137020606,0.008873111936406214,0.009308897581550563,0.0392156862745098,0.08888888888888889,0.007541069232973719,0.18149448834260073,0.011831304631642201,0.005215826095259281,24.0,19.0,5.0,35.0,27.0,8.0,33.0,24.0,9.0,53.0,41.0,12.0
Bob Arnold,0.029126213592233007,0.07017543859649122,0.0,0.20738028632548955,0.008543932639898288,0.032369820715686975,0.0196078431372549,0.044444444444444446,0.0,0.16657713313635955,0.00695425513358705,0.001595251188721756,29.0,37.0,-8.0,44.0,40.0,4.0,35.0,48.0,-13.0,29.0,49.0,-20.0
Bob Belcher,0.038834951456310676,0.07017543859649122,0.05409607208579225,0.23643356315369826,0.011912834561030575,0.019311480439887663,0.029411764705882353,0.06666666666666667,0.0442632498543972,0.15861040068201193,0.012374214221002868,0.006634196584842166,24.0,26.0,-2.0,5.0,7.0,-2.0,21.0,22.0,-1.0,36.0,38.0,-2.0
Bud Armstrong,0.009708737864077669,0.017543859649122806,0.0,0.15012806003931145,0.00510993210407131,0.0006269472191842516,0.00980392156862745,0.022222222222222223,0.0,0.1289059793528719,0.005652714377134802,0.0007769261303163411,53.0,51.0,2.0,44.0,40.0,4.0,58.0,56.0,2.0,67.0,52.0,15.0
Buzz Aldrin,0.009708737864077669,0.017543859649122806,0.0,0.16818469956294,0.005547243031862717,0.0006177890019151663,0.00980392156862745,0.022222222222222223,0.0,0.0130718954248366,0.010628372271175758,6.768914566944282e-16,53.0,51.0,2.0,44.0,40.0,4.0,52.0,30.0,22.0,68.0,64.0,4.0
Chuck Berger,0.20388349514563106,0.8596491228070176,0.07577038709962756,0.2780781112091792,0.06818165821315852,0.5009220804223584,0.19607843137254902,1.0,0.08738332516725061,0.24986569970453934,0.07542543108817161,0.5454150691354955,2.0,1.0,1.0,3.0,3.0,0.0,2.0,1.0,1.0,1.0,1.0,0.0
Gene Belcher,0.029126213592233007,0.05263157894736842,0.01332571863696935,0.17927380063302395,0.012762760238344075,0.0008227788552793423,0.029411764705882353,0.06666666666666667,0.011648223645894,0.12755381873028931,0.015424789874634975,0.0003243871560339592,29.0,26.0,3.0,23.0,19.0,4.0,17.0,16.0,1.0,64.0,54.0,10.0
Jasper Beardsley,0.2815533980582524,1.0,0.20583797165036458,0.315753210147197,0.09964099765353032,0.369941789351412,0.0,0.0,0.0,0.0,0.0,0.0,1.0,68.0,-67.0,1.0,40.0,-39.0,1.0,104.0,-103.0,4.0,104.0,-100.0
Kumiko Albertson,0.19417475728155337,0.5614035087719298,0.08923556428553575,0.27966712898751733,0.054469316393439174,0.20956230972167394,0.18627450980392157,0.5777777777777777,0.08791157827267322,0.2384339356657696,0.055769684621843355,0.11826680807172991,3.0,2.0,1.0,2.0,2.0,0.0,3.0,2.0,1.0,6.0,9.0,-3.0
Linda Belcher,0.029126213592233007,0.05263157894736842,0.01332571863696935,0.17927380063302395,0.012762760238344075,0.0008227788552793423,0.029411764705882353,0.06666666666666667,0.011648223645894,0.12755381873028931,0.015424789874634975,0.0003243871560339592,29.0,26.0,3.0,23.0,19.0,4.0,17.0,16.0,1.0,64.0,54.0,10.0
Louise Belcher,0.009708737864077669,0.017543859649122806,0.0,0.14268731070791701,0.0055287487347692125,3.3567112936383063e-05,0.00980392156862745,0.022222222222222223,0.0,0.1054346594128981,0.006442380047835527,1.5090035552846848e-05,53.0,51.0,2.0,44.0,40.0,4.0,54.0,50.0,4.0,71.0,61.0,10.0
Mary Bailey,0.038834951456310676,0.07017543859649122,0.013166883405318585,0.24228587907334423,0.009046181055773534,0.018310235276914753,0.029411764705882353,0.06666666666666667,0.003011204481792716,0.1712694467458345,0.009219751207444605,0.004241771833881493,24.0,26.0,-2.0,27.0,30.0,-3.0,30.0,38.0,-8.0,38.0,44.0,-6.0
Mr. Bergstrom,0.0,0.0,0.0,0.0,0.0019108280254824593,7.309515091029326e-24,0.0,0.0,0.0,0.0,0.0020718232044198894,1.4376496429606066e-21,75.0,68.0,7.0,44.0,40.0,4.0,75.0,68.0,7.0,75.0,68.0,7.0
Ms. Albright,0.08737864077669902,0.21052631578947367,0.007520024289013438,0.25227704934441,0.02013494575669173,0.09251296299414888,0.0784313725490196,0.2,0.008138965157019905,0.2108693188257962,0.01947557308103858,0.04327730262086195,8.0,7.0,1.0,31.0,26.0,5.0,10.0,9.0,1.0,11.0,17.0,-6.0
Red Barclay,0.029126213592233007,0.05263157894736842,0.004257884383526876,0.19344564258029856,0.00903194586702953,0.001501551652869109,0.029411764705882353,0.06666666666666667,0.0229081731702582,0.15012507060437344,0.012227006312546494,0.0015528405460745287,29.0,26.0,3.0,34.0,14.0,20.0,31.0,23.0,8.0,63.0,50.0,13.0
State Comptroller Atkins,0.038834951456310676,0.07017543859649122,0.003225941254210815,0.24470873786407768,0.0072506579078548215,0.043340612949483534,0.0392156862745098,0.08888888888888889,0.006152681094439978,0.2108693188257962,0.008711465133699433,0.04989410562768454,24.0,19.0,5.0,37.0,28.0,9.0,40.0,39.0,1.0,21.0,14.0,7.0
The Be Sharps,0.0,0.0,0.0,0.0,0.0019108280254824593,7.309515091029326e-24,0.0,0.0,0.0,0.0,0.0020718232044198894,1.4376496429606066e-21,75.0,68.0,7.0,44.0,40.0,4.0,75.0,68.0,7.0,75.0,68.0,7.0
Tina Ballerina,0.029126213592233007,0.05263157894736842,0.0010313731258905447,0.2497027937388548,0.0062972185013825425,0.02804227199149006,0.029411764705882353,0.06666666666666667,0.0024292555305950756,0.2158603086204896,0.007669139843389451,0.028713725536731658,29.0,26.0,3.0,41.0,32.0,9.0,48.0,45.0,3.0,31.0,26.0,5.0
Tina Belcher,0.009708737864077669,0.017543859649122806,0.0,0.14268731070791701,0.0055287487347692125,3.3567112936383063e-05,0.00980392156862745,0.022222222222222223,0.0,0.1054346594128981,0.006442380047835527,1.5090035552846848e-05,53.0,51.0,2.0,44.0,40.0,4.0,54.0,50.0,4.0,71.0,61.0,10.0
Tony Bennett,0.019417475728155338,0.03508771929824561,0.01332571863696935,0.1911787014563107,0.007527100404999317,0.015367747774026582,0.0196078431372549,0.044444444444444446,0.011648223645894,0.16358920249714234,0.008425654351702883,0.0167015336051106,45.0,37.0,8.0,23.0,19.0,4.0,37.0,41.0,-4.0,41.0,30.0,11.0
Violet Bazaar,0.06796116504854369,0.24561403508771928,0.03671711403007805,0.2375812988971628,0.023357849926604585,0.17882807693399275,0.058823529411764705,0.17777777777777778,0.056521618548409466,0.21976139853531776,0.018727344875385476,0.09966773430328159,9.0,10.0,-1.0,8.0,4.0,4.0,8.0,10.0,-2.0,8.0,10.0,-2.0
Woody Allen,0.029126213592233007,0.05263157894736842,0.02646106986483914,0.22145587137020606,0.012824558837860605,0.015142843277392178,0.0196078431372549,0.044444444444444446,0.00019413706076490002,0.0196078431372549,0.020179719546046266,9.572690783128206e-16,29.0,37.0,-8.0,12.0,38.0,-26.0,16.0,8.0,8.0,43.0,63.0,-20.0
